City_ID,City,Cloudiness,Country,Date,Humidity,Lat,Lng,Max Temp,Wind Speed
0,castro,2,BR,1588875883,49,-24.79,-50.01,290.16,1.67
1,theologos,90,RE,1588875884,78,-21.36,55.77,298.15,2.6
2,saint-philippe,5,US,1588875884,13,42.6,-73.97,290.93,5.03
3,albany,87,PH,1588875884,78,9.19,117.81,300.54,2.16
4,tagusao,100,AR,1588875799,81,-54.8,-68.3,280.15,4.1
5,ushuaia,75,ZA,1588875685,93,-33.93,18.42,290.37,8.2
6,cape town,9,CV,1588875885,72,14.9,-24.5,297.5,7.4
7,sao filipe,100,ZA,1588875885,91,-34.42,19.23,289.26,2.42
8,hermanus,100,UZ,1588875590,56,40.56,65.69,295.15,4.1
9,nurota,21,AU,1588875887,81,-42.88,147.33,285.93,2.1
10,hobart,90,US,1588875887,73,19.73,-155.09,297.15,1.5
11,hilo,40,IN,1588875888,19,29.32,73.9,306.91,2.81
12,suratgarh,40,US,1588875889,65,20.89,-156.47,298.15,9.3
13,kahului,72,PF,1588875889,79,-9.8,-139.03,300.13,9.11
14,atuona,31,AU,1588875889,71,-34.73,135.87,287.9,5.81
15,port lincoln,75,TO,1588875889,94,-21.2,-175.2,298.15,3.1
16,vaini,40,MY,1588875609,94,5.41,100.34,301.15,1.5
17,georgetown,46,TR,1588875890,79,36.37,30.29,291.36,0.69
18,samusu,0,NA,1588875891,25,-18.06,13.84,293.19,4.23
19,kumluca,90,US,1588875891,84,71.29,-156.79,260.15,6.7
20,opuwo,73,RU,1588875891,87,64.38,-173.3,272.94,3.98
21,barrow,57,SA,1588875891,36,21.43,39.83,301.94,1.79
22,provideniya,100,BR,1588875892,83,-4.88,-66.9,301.02,2.26
23,mecca,97,TR,1588875893,88,39.05,28.66,280.19,2
24,illoqqortoormiut,0,ML,1588875893,8,20.2,1.01,310.2,3.22
25,carauari,40,PF,1588875893,77,-23.12,-134.97,297,7.56
26,demirci,62,RU,1588875893,93,54.72,158.62,270.16,1.43
27,tessalit,90,US,1588875894,34,42.1,-79.24,286.48,6.2
28,rikitea,100,RU,1588875894,99,63.05,179.32,272.35,4.92
29,milkovo,100,ZA,1588875895,94,-33.59,26.89,290.93,0.45
30,jamestown,15,AU,1588875895,87,-30.3,153.13,289.15,4.1
31,beringovskiy,2,CA,1588875896,48,49.63,-105.98,285.8,4.67
32,port alfred,90,US,1588875896,81,57.79,-152.41,280.15,15.9
33,coffs harbour,100,NZ,1588875896,85,-46.19,168.86,283.31,3.26
34,assiniboia,39,CK,1588875897,100,-21.21,-159.78,297.15,0.5
35,kodiak,75,US,1588875897,18,41.14,-73.36,291.15,5.7
36,mataura,2,LY,1588875898,11,30.33,10.85,305.32,2.81
37,avarua,75,PT,1588875898,100,38.52,-28.7,289.15,7.7
38,westport,47,AU,1588875036,100,-28.65,153.62,288.71,2.03
39,tarudant,90,CL,1588875899,93,-53.15,-70.92,281.15,3.6
40,nalut,0,RU,1588875900,43,55.82,65.58,288.24,1.96
41,ribeira grande,0,MW,1588875900,60,-13.53,33.74,288.98,3.55
42,byron bay,60,RU,1588875878,96,65.58,-171,268.47,1.14
43,punta arenas,73,NZ,1588875901,69,-46.28,169.85,284.26,1.34
44,belozerskoye,75,RE,1588875902,83,-20.9,55.55,295.15,2.6
45,mponela,58,CU,1588875902,41,21.88,-79.84,307.15,3.6
46,viligili,100,RU,1588875903,93,73.51,80.55,260.61,2.92
47,lavrentiya,90,CA,1588875903,92,69.45,-133.04,264.15,4.1
48,kaitangata,20,GL,1588875904,68,69.22,-51.1,272.15,5.7
49,sainte-marie,75,BR,1588875904,88,-22.97,-42.03,294.15,6.2
50,condado,80,RU,1588875904,92,68.75,161.3,270.04,1.31
51,dikson,40,MU,1588875905,88,-20.41,57.7,297.15,1
52,tuktoyaktuk,100,PA,1588875905,70,7.53,-80.03,302.66,3.43
53,ilulissat,0,IN,1588875905,82,20.71,70.98,300.29,5.82
54,arraial do cabo,100,UZ,1588875907,43,40.43,71.72,294.15,2.1
55,cherskiy,90,NL,1588875907,58,52.96,4.76,286.48,2.1
56,mahebourg,40,MU,1588875907,88,-20.34,57.76,297.15,1
57,pedasi,75,TW,1588875909,70,22.67,120.49,302.15,1.5
58,diu,75,US,1588875712,88,22.08,-159.32,296.15,8.7
59,komsomolskiy,0,JP,1588875887,82,44.02,144.27,274.26,2.68
60,den helder,0,NA,1588875910,25,-17.88,15.07,296.03,3.65
61,bambous virieux,100,CN,1588875910,79,36.62,101.77,278.3,2.38
62,mocambique,4,ZA,1588875910,84,-30.74,30.45,291.79,2.62
63,bolungarvik,87,NZ,1588875911,78,-46.6,168.33,283.69,8.11
64,pingtung,74,MY,1588875756,100,2.43,103.84,298.15,2.6
65,kapaa,100,KI,1588875912,79,3.07,172.79,301.34,4.22
66,abashiri,99,RU,1588875912,93,71.92,114.08,257.2,2.77
67,ongandjera,98,RU,1588875913,96,70.63,147.92,270.87,2.59
68,xining,40,GL,1588875913,41,65.61,-37.64,277.15,4.1
69,port shepstone,100,RU,1588875914,92,58.69,99.18,278.12,1.78
70,taolanaro,56,AU,1588875914,98,-33.65,115.33,286.48,5.2
71,bluff,3,BR,1588875914,66,-5.2,-35.46,303.15,5.1
72,mersing,75,NO,1588875915,81,62.58,6.13,280.15,7.7
73,barentsburg,80,CI,1588875788,75,4.42,-7.35,301.74,3.6
74,butaritari,100,RU,1588875916,69,62.85,34.83,278.46,1.88
75,saskylakh,40,JP,1588875916,93,35.73,140.83,283.15,2.1
76,chokurdakh,20,US,1588875917,67,40.6,-124.16,291.48,2.1
77,tasiilaq,20,CA,1588875917,73,66.15,-65.71,267.15,3.6
78,sentyabrskiy,0,AO,1588875918,45,-15.2,12.15,302.37,2.9
79,kodinsk,0,MR,1588875920,7,20.52,-13.05,314.07,6.63
80,busselton,94,NZ,1588875624,88,-45.42,167.72,283.89,1.74
81,touros,97,GB,1588875921,81,60.4,-1.35,282.15,6.7
82,roald,16,VN,1588875921,68,21.32,103.9,298.12,0.88
83,tabou,100,RU,1588875921,96,71.69,128.87,261.19,4.54
84,povenets,100,ZA,1588875922,82,-34.53,20.04,290.15,4.1
85,hasaki,91,UA,1588875922,65,49.62,37.7,284.72,2.55
86,tsihombe,18,IN,1588875923,30,26.8,82.2,302.82,2.37
87,fortuna,100,RU,1588875924,91,58.96,126.29,274.42,6.45
88,pangnirtung,33,AU,1588875924,93,-38.27,141.97,284.27,4.32
89,namibe,20,EC,1588875925,70,-0.74,-90.35,302.15,7.2
90,rawannawi,75,NO,1588875926,86,70.37,31.11,276.15,7.7
91,atar,0,AR,1588875755,48,-38,-57.56,290.15,4.1
92,te anau,85,ZA,1588875927,81,-33.02,27.91,293.1,6.46
93,brae,75,CA,1588875927,52,50.2,-66.38,280.93,6.2
94,son la,20,US,1588875927,21,41.37,-73.41,290.93,5.1
95,tiksi,71,RU,1588875828,92,64.57,143.2,268.25,1.69
96,bredasdorp,83,ZW,1588875928,57,-17.3,31.33,288.56,1.6
97,kivsharivka,75,CA,1588875928,61,47.67,-52.73,285.37,3.6
98,ayodhya,5,MX,1588875929,28,22.89,-109.91,305.37,2.6
99,tommot,40,NO,1588875929,74,66.08,13.82,276.15,2.6
100,codrington,100,RU,1588875930,96,59.24,163.07,273.91,2.21
101,puerto ayora,22,SD,1588875930,25,16.15,36.2,305.95,4.73
102,vardo,100,PG,1588875930,100,-5.47,143.2,278.67,0.27
103,mar del plata,1,US,1588875930,59,60.55,-151.26,286.15,7.7
104,east london,66,VU,1588875931,81,-19.55,169.27,295.88,4.56
105,sept-iles,71,ZM,1588875931,67,-8.76,31.11,297.11,3.26
106,bethel,100,RU,1588875931,99,60.47,166.1,270.9,3.42
107,ust-nera,70,CN,1588875932,80,37.15,122.38,285.18,4.73
108,bindura,20,CA,1588875932,64,65.28,-126.83,276.15,3.6
109,torbay,80,CU,1588875703,62,22.98,-80.59,301.41,6.42
110,cabo san lucas,83,PH,1588875933,78,7.45,126.58,299.59,2.74
111,korgen,6,LS,1588875827,47,-29.82,27.24,283.77,0.92
112,ossora,100,CL,1588875934,67,-37.62,-73.65,289.98,4.92
113,wagar,100,RU,1588875899,91,50.68,156.12,274.06,4.64
114,porgera,1,US,1588875741,62,46.98,-123.89,288.71,7.7
115,kenai,60,BR,1588875935,70,-30.18,-50.21,290.55,5.61
116,isangel,98,RU,1588875777,82,54.56,100.58,277.76,5.2
117,mpulungu,2,TR,1588875935,83,39,41.75,279.89,2.1
118,tilichiki,45,AU,1588875936,83,-42.78,147.06,284.82,0.45
119,yatou,40,PA,1588875936,66,8.5,-82.43,304.15,6.2
120,mys shmidta,100,RU,1588875936,90,59.7,150.17,273.34,2.88
121,norman wells,100,GL,1588875937,88,77.48,-69.36,264.61,1.78
122,corralillo,0,EG,1588875649,49,31.22,29.96,296.15,2.1
123,beruni,92,NZ,1588875938,87,-46.13,167.68,283.92,3.25
124,baculin,3,BY,1588875938,67,52.79,27.54,280.3,4.79
125,mafeteng,91,CN,1588875938,87,30.3,109.48,294.29,0.07
126,lebu,0,ZA,1588875939,31,-25.18,27.27,291.25,1.26
127,severo-kurilsk,1,US,1588875939,46,34.64,-120.46,305.15,5.1
128,hoquiam,95,RU,1588875940,58,59.94,55,288.83,4.71
129,cidreira,20,CA,1588875940,72,70.47,-68.59,265.15,1.5
130,tulun,75,CA,1588875941,49,62.46,-114.35,282.15,6.2
131,mus,88,HK,1588875826,85,22.29,114.16,301.48,4.37
132,new norfolk,36,MA,1588875942,63,29.58,-9.5,293.21,3.55
133,los algarrobos,5,LY,1588875942,39,31.76,25.09,295.71,2.27
134,arman,67,VN,1588875910,100,11.95,108.44,290.74,0.42
135,qaanaaq,39,MV,1588875943,77,-0.6,73.08,302.36,6.7
136,alexandria,0,RU,1588875943,43,52.27,79.17,288.11,1.03
137,vedaranniyam,7,PE,1588875944,52,-4.58,-81.27,304.15,7.7
138,tuatapere,100,ZA,1588875944,93,-33.92,25.57,291.15,1.5
139,salihorsk,85,CN,1588875944,54,39.74,98.52,281.98,1
140,enshi,40,HN,1588875945,63,15,-83.23,306.15,4.6
141,nizhneyansk,4,BR,1588875945,37,-20.93,-54.96,293.15,3.6
142,mogwase,1,US,1588875947,16,31.42,-103.49,310.15,3.6
143,lompoc,40,PT,1588875947,72,32.67,-17.1,292.59,1
144,kosa,56,BR,1588875947,77,-1.2,-46.02,302.45,4.03
145,clyde river,54,AM,1588875948,76,40.12,44.73,286.15,1
146,kazalinsk,75,GF,1588875948,100,4.93,-52.33,299.15,5.4
147,yellowknife,100,ID,1588875783,92,5.56,95.32,299.21,12.01
148,victoria,85,ET,1588875949,95,5.88,38.98,289.2,0.75
149,tiznit,75,BR,1588875949,72,-16.19,-55.97,292.15,4.1
150,bardiyah,33,PT,1588875950,76,40.16,-8.33,296.48,1.79
151,da lat,20,US,1588875951,92,64.5,-165.41,272.04,1.5
152,hithadhoo,1,US,1588875951,48,64.84,-147.72,288.15,0.9
153,klyuchi,72,CL,1588875952,64,-36.72,-73.12,293.15,3.1
154,talara,0,AU,1588875952,93,-35.12,139.27,285.93,1.79
155,port elizabeth,98,UY,1588875952,56,-33.7,-53.46,289.01,3.59
156,jiuquan,95,IN,1588875953,72,11.57,76.67,295.99,0.75
157,iralaya,0,AT,1588875953,45,48.29,14.37,290.37,3.1
158,sidrolandia,0,JP,1588875872,57,33.28,134.15,288.72,6.69
159,pecos,60,NA,1588875953,44,-28.55,16.43,292.46,1.15
160,ponta do sol,100,RU,1588875954,97,67.45,153.68,270.79,3.07
161,carutapera,0,VN,1588875954,78,9.18,105.15,301.22,1.15
162,garni,100,RU,1588875954,97,63.9,122.76,267.74,7.8
163,cayenne,96,CN,1588875955,91,28.32,109.72,294.3,0.54
164,banda aceh,15,KM,1588875955,78,-11.38,43.28,301.02,5.86
165,kibre mengist,0,CL,1588875955,13,-34.42,-70.87,300.15,3.6
166,barao de melgaco,0,MX,1588875956,45,19.93,-105.25,305.12,4.13
167,lata,28,AU,1588875956,63,-35.35,150.47,290.15,4.1
168,nome,100,UZ,1588875664,43,41,71.67,294.15,2.1
169,fairbanks,90,CL,1588875908,100,-33.04,-71.63,287.15,2.6
170,acin,71,BR,1588875957,87,-6.64,-51.99,301.83,1.49
171,talcahuano,100,FR,1588875959,55,49.58,0.33,291.15,3.6
172,murray bridge,100,CN,1588875960,92,31.81,121.66,293.15,1.34
173,chuy,40,RU,1588875960,85,69.49,88.4,269.15,2
174,masinigudi,34,NZ,1588875960,83,-35.17,173.17,286.55,1.55
175,steyregg,90,CA,1588875960,30,48.4,-89.32,278.15,7.7
176,muroto,100,RU,1588875961,46,51.67,135.7,285.47,1.34
177,oranjemund,83,KE,1588875961,43,3.12,35.6,304.66,7.39
178,srednekolymsk,50,PG,1588875961,79,-10.62,150.67,299.25,7.52
179,ca mau,20,BZ,1588875962,70,16.97,-88.23,305.37,4.6
180,kysyl-syr,100,UG,1588875963,83,1.89,33.97,294.75,0.89
181,jishou,0,MT,1588875963,68,35.86,14.38,291.15,4.6
182,mitsamiouli,87,ES,1588875964,88,43,-4.14,291.15,3.6
183,rengo,20,GR,1588875964,77,35.51,27.21,292.15,4.6
184,tomatlan,9,CA,1588875965,41,49.65,-108.42,287.33,3.92
185,ulladulla,0,JP,1588875965,77,39.27,141.88,280.32,3.36
186,namangan,75,CA,1588875965,71,44,-77.88,285.15,4.1
187,valparaiso,42,JP,1588875966,44,35.13,140.3,288.15,4.6
188,attawapiskat,40,IN,1588875966,74,13.1,74.8,303.15,3.1
189,sao felix do xingu,95,CD,1588875967,90,-2.95,25.95,295.42,1.43
190,havre,100,TC,1588875684,79,21.46,-71.14,300.94,4.03
191,huilong,40,VE,1588875901,35,7.77,-72.22,310.15,9.8
192,talnakh,92,FO,1588875968,75,62.23,-6.59,281.15,5.1
193,ahipara,0,MR,1588875969,8,20.5,-10.07,313.43,0.35
194,thunder bay,20,CA,1588875969,87,50.7,-127.42,281.15,2.6
195,berezovyy,70,IN,1588875970,61,12.68,78.62,301.98,1.47
196,lodwar,40,US,1588875970,61,59.64,-151.55,283.15,6.2
197,samarai,17,CN,1588875970,92,28.82,115.43,297.26,0.39
198,dangriga,2,RU,1588875971,50,58.11,68.32,289.85,2.27
199,katakwi,99,BR,1588875972,96,1,-52,298.93,1.9
200,dingli,95,GA,1588875972,88,-1.57,9.26,299.86,2.62
201,yirol,0,IN,1588875972,87,21.12,70.12,300.55,3.65
202,reinosa,100,PG,1588875909,92,-5.22,145.8,297.96,1.59
203,karpathos,77,PF,1588875973,76,-16.48,-151.75,300.64,6.63
204,shaunavon,0,GL,1588875973,91,68.71,-52.87,271.57,4.89
205,kamaishi,100,ID,1588875805,87,-1.27,116.83,299.28,1.25
206,colborne,97,CL,1588875974,59,-38.65,-72.23,292.15,1.5
207,katsuura,75,SJ,1588875974,93,78.22,15.64,273.15,3.1
208,mulki,65,FI,1588875975,44,65.97,29.18,278.15,3.1
209,kindu,21,NZ,1588875975,13,-35.1,173.78,283.15,0.45
210,cockburn town,27,AU,1588875976,67,-20.73,139.5,287.15,5.33
211,san cristobal,28,RU,1588875977,92,71.97,102.5,256.66,4.73
212,klaksvik,76,PH,1588875977,81,12.18,125.51,301.19,3.2
213,adrar,14,AU,1588875977,82,-15.77,128.73,289.15,1.71
214,port hardy,73,PF,1588875978,58,-17.73,-149.15,301.15,2.1
215,vaniyambadi,100,RU,1588875926,52,48.12,132.48,286.08,2.95
216,homer,75,PA,1588875979,70,8.33,-80.52,303.15,3.1
217,ganzhou,15,MG,1588875980,86,-14.9,50.28,297.25,2.81
218,sumkino,100,IN,1588875980,96,12.15,75.93,295.65,1.02
219,mrirt,20,CA,1588875981,58,50.02,-125.24,286.15,2.6
220,amapa,75,MX,1588875981,62,20.7,-105.2,302.15,4.6
221,omboue,40,KI,1588875981,94,1.33,172.98,299.15,1
222,mangrol,1,US,1588875982,38,38.89,-76.51,291.48,3.6
223,madang,40,MU,1588875982,88,-20.52,57.52,297.15,1
224,faanui,40,BB,1588875982,62,13.22,-59.52,303.15,9.3
225,aasiaat,8,RU,1588875983,85,69.38,178.42,267.19,0.96
226,balikpapan,75,PT,1588875983,86,39.05,-27.98,289.65,9.69
227,vilcun,100,CN,1588875984,57,38.47,106.27,282.59,1.79
228,longyearbyen,20,OM,1588875984,83,17.02,54.09,302.15,3.1
229,kuusamo,100,BO,1588875819,66,-11.03,-68.77,293.56,2.99
230,kaeo,100,UA,1588875985,87,48.71,30.45,281.61,6.25
231,haibowan,75,US,1588875985,34,39.18,-84.53,292.59,6.2
232,mount isa,98,RU,1588875985,64,42.73,133.08,281.65,1.6
233,khatanga,2,RU,1588875986,93,59.38,143.3,272.87,0.78
234,san policarpo,100,RU,1588875733,99,67.47,78.7,272.27,6.55
235,kununurra,100,RU,1588875986,99,66.83,70.83,277.26,4.57
236,tautira,75,MX,1588875958,70,15.85,-97.07,302.15,3.6
237,toliary,76,NO,1588875987,89,61.99,5.14,279.82,9.96
238,babstovo,0,AU,1588875987,71,-29.78,151.12,282.59,1.61
239,nata,84,NP,1588875987,63,29.27,82.18,279.42,1.49
240,kuche,75,GB,1588875988,76,57.66,-3.61,285.37,2.1
241,antalaha,40,BR,1588875989,66,-9.88,-56.09,303.15,3.6
242,ponnampet,32,SY,1588875989,82,36.53,37.95,287.15,4.1
243,campbell river,100,TM,1588875989,82,42.06,59.38,294.15,4.1
244,ixtapa,75,UY,1588875990,55,-31.38,-57.97,291.15,3.6
245,bairiki,75,ZM,1588875990,66,-11.74,24.43,291.23,2.82
246,mayo,90,BR,1588875990,78,-20.33,-40.29,295.15,7.7
247,souillac,2,NZ,1588875991,76,-41.41,175.52,287.15,5.7
248,bathsheba,75,CA,1588875761,63,55.74,-97.86,270.15,4.6
249,leningradskiy,9,PG,1588875992,75,-2.57,150.8,301.13,3.78
250,lagoa,8,CL,1588875992,36,-35.33,-72.42,293.2,1.76
251,khagrachari,0,AU,1588875993,55,-24.87,113.63,291.41,10.09
252,yinchuan,40,IN,1588875993,88,22.04,88.32,295.15,2.1
253,salalah,90,MX,1588875993,55,16.86,-99.89,304.15,2.1
254,cobija,40,AU,1588875994,87,-28.77,114.6,286.15,2.6
255,babanka,98,FR,1588875994,46,46.84,-1.87,295.15,3.6
256,hamilton,13,RU,1588875994,86,54.43,119.93,273.93,2.46
257,vrangel,0,MX,1588875995,41,17.96,-102.2,303.88,4.54
258,okhotsk,37,JP,1588875995,74,32.69,128.84,291.22,2.31
259,tazovskiy,55,BR,1588875995,66,-6.19,-35.36,303.15,5.1
260,yar-sale,1,US,1588875996,63,36.62,-121.92,291.15,2.6
261,puerto escondido,100,FR,1588875997,52,49.28,1.78,292.15,2.6
262,raudeberg,55,TM,1588875997,54,39.48,62.91,296.95,6.59
263,inverell,100,ZA,1588875997,66,-34,24.73,290.71,1.59
264,jumla,100,UY,1588875997,62,-34.48,-54.33,287.95,3.67
265,findhorn,20,IR,1588875998,52,37.08,57.51,291.15,1
266,alta floresta,100,RU,1588875998,83,63.86,57.31,286.31,5.84
267,manbij,75,CA,1588875859,58,63.75,-68.51,272.15,6.2
268,akdepe,82,SE,1588876059,60,63.18,14.64,278.15,3.1
269,salto,90,JP,1588876060,88,26.18,127.76,296.15,5.7
270,mwinilunga,75,IS,1588876060,61,64.25,-15.21,284.15,4.6
271,vila velha,34,IR,1588876060,23,27.67,54.14,297.15,2.1
272,waipawa,100,BR,1588876060,80,-15.97,-54.97,294.09,2.93
273,thompson,75,IS,1588876061,75,63.84,-22.43,280.15,5.1
274,kavieng,36,KZ,1588876061,45,47.97,80.44,283.02,5.73
275,constitucion,0,AU,1588876061,46,-25.24,130.99,285.15,2.6
276,carnarvon,73,PE,1588876062,54,-6.84,-79.93,301.15,8.7
277,harindanga,75,CA,1588876062,41,55.28,-114.77,288.15,2.1
278,acapulco,13,IN,1588875662,32,18,79.58,306.62,5.76
279,grand river south east,90,RE,1588876063,78,-21.37,55.62,298.15,2.6
280,geraldton,40,BR,1588876063,58,-3.88,-38.63,304.15,7.2
281,challans,75,NO,1588876063,86,71.04,27.85,277.15,5.1
282,tupik,1,US,1588876064,24,45.02,-93.22,287.59,4.6
283,lazaro cardenas,75,RU,1588876064,60,51.98,116.58,278.93,2.61
284,fukue,1,US,1588876065,5,37.47,-105.87,298.15,3.6
285,brejinho,27,ID,1588876065,76,-0.95,122.79,298.9,0.91
286,vaitupu,86,LR,1588876066,74,4.38,-7.72,301.94,3.43
287,amderma,4,RU,1588876066,75,54.67,20.13,281.15,3
288,pacific grove,1,US,1588876066,23,40.63,-74.27,292.04,6.7
289,gisors,40,AZ,1588876067,87,38.77,48.41,289.15,2.1
290,seydi,20,GD,1588876067,70,12.06,-61.75,303.15,8.2
291,kruisfontein,2,CH,1588876067,43,46.02,7.75,294.15,5.1
292,rocha,24,IN,1588876068,71,10.57,72.64,302.92,3.4
293,esfarayen,16,IR,1588876068,61,36.67,48.48,283.34,7.01
294,vuktyl,1,US,1588876068,54,55.34,-131.65,285.15,5.7
295,kaseda,1,US,1588875920,20,37.1,-113.58,296.15,2.1
296,iqaluit,75,TW,1588875946,70,22.62,120.31,302.15,1.5
297,linapacan,100,ID,1588875818,89,4.14,96.13,299.18,5.95
298,ostersund,75,BY,1588876070,78,52.63,29.73,280.36,4.88
299,nishihara,100,ID,1588876071,82,-3.43,119.34,298.87,0.9
300,hofn,90,IS,1588876071,69,66.04,-17.34,276.15,6.7
301,gerash,74,RU,1588876072,93,56.67,124.65,271.02,2.03
302,jaciara,0,CA,1588876072,32,50.63,-96.99,279.82,4.02
303,grindavik,100,ID,1588875883,83,-0.95,100.35,299.22,5.69
304,ayagoz,40,GT,1588876073,52,14.3,-91.92,307.15,3.1
305,yulara,93,CN,1588875906,59,44.77,129.7,283.49,2.31
306,pimentel,97,RU,1588876075,60,43.74,135.29,282.16,1.91
307,slave lake,1,AU,1588876075,83,-12.23,136.77,297.15,2.6
308,bargal,75,NO,1588876076,69,69.47,25.51,277.15,19.5
309,warangal,38,BR,1588876076,60,-17.71,-39.25,303.07,3.05
310,saint-joseph,75,MX,1588876076,40,21.28,-89.67,305.37,4.1
311,maracanau,21,IT,1588876077,67,37.92,15.77,290.37,1.95
312,mehamn,0,IR,1588876077,21,31.28,49.6,301.15,4.1
313,saint anthony,88,GL,1588876077,72,65.42,-52.9,276.87,2.43
314,belushya guba,20,PH,1588876078,74,14.31,121.11,303.71,3.1
315,nerchinsk,78,RU,1588876078,73,42.43,130.64,282.18,1.34
316,alamosa,100,ID,1588876079,80,1.74,98.78,298.44,1.69
317,luwuk,95,VE,1588876079,45,9.66,-68.58,307.14,2.34
318,harper,90,RW,1588876079,98,-2.48,29.56,287.99,1.07
319,svetlyy,100,RU,1588876080,84,62,132.43,277.84,6.61
320,union,75,AU,1588876080,76,-33.87,121.9,286.15,6.7
321,lerik,15,MU,1588876081,91,-20.01,57.66,297.04,1.34
322,saint-georges,40,CV,1588876081,57,17.15,-25.02,299.15,13.9
323,zermatt,0,MX,1588876081,33,27.98,-114.06,300,3.87
324,kavaratti,100,PE,1588876082,73,-13.7,-76.22,295.37,3.6
325,zanjan,75,US,1588876082,36,37.34,-85.34,291.15,4.6
326,satitoa,87,GA,1588876083,87,-2.65,10,299.82,2.42
327,ketchikan,40,ID,1588876083,100,3.1,98.49,298.15,1.5
328,saint george,40,GL,1588876083,57,60.92,-46.05,283.15,4.1
329,kaohsiung,9,ID,1588875858,87,0.54,123.06,297.77,1.03
330,meulaboh,1,US,1588876084,16,41,-115.5,287.15,2.6
331,svetlogorsk,99,LK,1588876085,84,5.95,80.54,300.16,2.65
332,balykshi,0,AR,1588876085,33,-31.41,-64.18,295.15,4.6
333,polewali,45,AU,1588876086,96,-38.33,143.58,283.71,5.13
334,husavik,35,AR,1588876088,44,-43.3,-65.1,293.68,2.24
335,lolua,100,IN,1588876088,80,11.67,92.75,301.95,1.95
336,neryungri,25,BD,1588875879,79,22.97,90.23,300.42,2.65
337,gimli,100,SE,1588875891,38,65.58,22.15,279.15,4.1
338,padang,75,JP,1588876089,77,28.37,129.48,294.15,6.2
339,champerico,78,RU,1588876090,69,50.6,97.52,277.43,1.81
340,chaihe,36,PG,1588876090,79,-2.02,147.27,300.53,1.95
341,olga,31,TR,1588876090,76,39.92,44.05,286.15,1
342,nhulunbuy,90,CL,1588876091,93,-45.58,-72.07,287.15,4.1
343,karasjok,70,MN,1588876091,55,46.68,113.28,280.29,2.81
344,caravelas,40,BR,1588876014,29,-22.08,-51.47,298.15,4.1
345,progreso,64,ML,1588876092,9,20,-3,313.29,2.14
346,melito di porto salvo,22,CN,1588876030,90,21.32,110.58,299.59,5.86
347,ramhormoz,7,ID,1588876093,79,-5.67,132.75,301.43,8.51
348,maniitsoq,1,US,1588876093,42,31.34,-94.73,302.59,5.7
349,karaul,66,GE,1588876094,84,43,41.02,287.84,1.9
350,santa rosa,1,MN,1588876095,44,48.01,91.64,281.66,0.77
351,khasan,90,CA,1588876095,87,50.83,-118.99,285.37,1.5
352,sibolga,80,GL,1588876096,91,72.79,-56.15,266.26,3.45
353,san carlos,100,AR,1588876096,71,-51.62,-69.22,285.15,10.3
354,nzega,0,NA,1588876096,77,-26.65,15.16,290.15,3.1
355,churapcha,5,IT,1588876098,47,46.62,10.7,287.15,0.51
356,falealupo,20,PT,1588876098,56,33.08,-16.33,294.15,1.5
357,esperance,91,TR,1588876099,100,40.91,37.68,279.94,1.53
358,grand gaube,20,PG,1588876099,77,-6.22,155.63,299.05,0.45
359,pombas,78,PH,1588876099,81,12.22,125.48,300.96,2.91
360,guerrero negro,96,RU,1588876100,52,59.7,30.79,281.48,5
361,pisco,17,SO,1588876100,71,11.28,49.18,303.73,4.52
362,campbellsville,82,KG,1588876100,44,42.34,78,284.67,5.42
363,gamba,40,CM,1588876100,74,4.02,9.21,303.15,1
364,kabanjahe,40,BR,1588875805,74,-16.28,-39.02,302.15,4.6
365,narsaq,97,RO,1588876102,68,46.43,26.4,282.04,1.47
366,gorontalo,0,NA,1588876096,18,-22.68,14.53,301.15,4.6
367,elko,91,BR,1588876103,70,-14.41,-56.45,295.43,4.45
368,yeletskiy,67,AO,1588875853,87,-6.13,12.37,299.92,2.82
369,matara,100,RU,1588876103,89,62.67,135.6,274.06,2.57
370,cordoba,75,CN,1588876104,88,23.19,116.61,301.15,4
371,colac,40,CA,1588876104,22,54.77,-101.86,279.15,2.6
372,dzhusaly,0,PG,1588876104,77,-3.67,152.43,299.44,2.11
373,rawson,27,AU,1588876105,92,-12.07,134.27,295.82,3.84
374,port blair,73,RU,1588876105,62,59.06,80.86,281.4,2.66
375,gaurnadi,100,BR,1588876106,91,3.08,-59.95,298.15,2.69
376,lulea,25,SB,1588876106,86,-8.77,160.7,298.71,1.17
377,naze,100,RU,1588876071,80,49.6,128.68,283.74,3.82
378,kungurtug,0,RU,1588876108,85,66.32,-179.17,267.04,0.41
379,lorengau,75,US,1588876108,28,42.25,-75.83,288.71,4.1
380,igdir,17,AR,1588876108,49,-38.55,-58.74,291.48,4.92
381,coihaique,56,NG,1588876109,62,7.32,9,303.64,4.26
382,baruun-urt,40,CO,1588876109,70,10.99,-74.95,305.15,6.2
383,alvares machado,66,FR,1588875951,57,49.1,6.7,292.04,1.01
384,tombouctou,20,IR,1588876109,58,36.97,46.1,285.15,2.1
385,zhongshan,88,FR,1588876110,53,46.17,-1.15,296.15,3.1
386,tual,2,RU,1588876110,74,53.05,158.65,271.15,2
387,lufkin,75,BR,1588875960,48,-32.03,-52.1,292.15,4.1
388,sukhumi,79,VU,1588876111,80,-13.88,167.55,298.96,2.23
389,tabiauea,62,SD,1588876111,17,14.2,24.67,299.81,2.28
390,hovd,14,NU,1588876112,100,-19.06,-169.92,294.15,1
391,sicamous,100,RU,1588875864,93,55.65,109.32,274.37,1.95
392,upernavik,86,GR,1588876113,73,35.03,25.95,291.48,4.92
393,rio gallegos,1,US,1588876113,47,29.7,-91.21,297.59,2.6
394,luderitz,0,NE,1588876113,9,18.74,7.39,306.06,2.87
395,lasa,84,SO,1588876113,79,2.04,45.34,301.39,4.69
396,camacha,100,ID,1588876114,90,-7.38,108.21,297.1,0.47
397,ordu,16,VN,1588875992,76,17.48,106.6,301.24,2.45
398,kieta,98,RU,1588876115,92,61.28,108.01,269.64,3.39
399,alugan,1,US,1588875942,34,34.23,-77.94,293.71,5.7
400,nikolskoye,71,GB,1588876115,48,51.38,1.39,290.37,3.1
401,bosaso,40,BS,1588876116,58,24.7,-77.77,302.15,6.2
402,kyzyl-suu,1,US,1588876116,30,32.35,-85.2,293.71,2.6
403,limbe,24,IR,1588876035,10,36.3,59.61,299.15,2.1
404,santa cruz cabralia,75,TR,1588875903,82,40.92,39.83,288.15,5.1
405,asau,100,ZA,1588876117,77,-33.01,17.94,290.15,4.1
406,swakopmund,67,BR,1588876117,79,-0.72,-48.52,301.95,4.15
407,diamantino,44,GL,1588876118,81,61.99,-49.67,276.99,1.76
408,soyo,0,MG,1588875912,64,-20.28,44.28,298.89,7.38
409,khandyga,20,VU,1588876119,94,-15.53,167.17,293.15,1
410,haimen,37,GW,1588876119,72,11.28,-15.83,299.53,6.9
411,flin flon,61,BR,1588876120,82,-0.61,-47.36,301.66,4.56
412,vitimskiy,0,PT,1588876120,82,37.32,-8.8,294.26,3.46
413,namatanai,13,CL,1588876121,48,-22.09,-70.2,296.17,3.14
414,maningrida,88,GF,1588876121,73,5.38,-52.95,301.02,5.39
415,palabuhanratu,40,RU,1588876121,60,61.73,130.28,279.15,1
416,kargasok,22,RU,1588876122,88,59.08,42.29,285.65,1.43
417,bonfim,91,ID,1588875982,83,-2.88,108.27,301.59,2.97
418,auki,20,KH,1588876122,88,10.62,104.18,299.15,1
419,poyarkovo,39,BR,1588876123,72,-2.92,-39.92,302.44,5.18
420,egvekinot,75,US,1588876123,26,43.21,-75.46,289.15,6.7
421,broome,90,CN,1588876030,100,38.51,115,287.15,2
422,necochea,90,AU,1588876126,93,-20.02,148.23,293.15,6.19
423,gboko,75,AU,1588876126,83,-12.5,131.05,297.15,2.1
424,puerto colombia,56,US,1588876127,38,25.09,-80.45,301.48,3.58
425,saint-avold,75,BR,1588876127,73,-12.74,-60.15,296.15,3.6
426,miandoab,40,SA,1588876127,35,17.49,44.13,302.15,2.1
427,la rochelle,90,CL,1588876128,82,-29.95,-71.34,288.15,2.1
428,petropavlovsk-kamchatskiy,85,UA,1588876128,82,48.04,24.35,276.47,1.27
429,rio grande,67,NL,1588876128,62,53.33,6.52,288.15,2.6
430,sola,39,CN,1588876129,89,22.81,115.83,299.26,3.43
431,kutum,1,US,1588876129,12,34.76,-112.45,302.59,3.6
432,alofi,92,RU,1588876130,72,66.42,112.4,263.15,4
433,severobaykalsk,11,TL,1588876130,100,-8.93,125.41,287,1.63
434,koutsouras,0,VN,1588875926,74,9.29,105.72,302.59,3.27
435,morgan city,40,LR,1588876131,74,5.88,-10.05,304.15,5.1
436,arlit,33,JP,1588876057,85,24.34,124.16,297.45,4.49
437,mogadishu,90,AU,1588876132,100,-37.83,140.77,284.15,4.1
438,kawalu,75,NO,1588876132,86,70.95,27.35,277.15,5.1
439,dong hoi,75,CA,1588876103,30,54.27,-110.73,288.15,1.5
440,yerbogachen,66,GL,1588876133,78,60.14,-45.24,278.24,0.32
441,wilmington,92,PT,1588876133,68,42.03,-8.16,296.48,4.6
442,margate,0,RU,1588876134,90,68.05,166.44,265.43,1.04
443,andros town,94,NG,1588876134,83,4.92,6.26,299.65,1.81
444,russell,78,FI,1588876134,87,66.71,27.43,274.66,2.67
445,mashhad,44,CU,1588876084,41,22.15,-80.44,307.15,3.6
446,trabzon,81,CN,1588876135,93,18.8,110.4,299.37,4.7
447,saldanha,40,US,1588876135,33,34.38,-86.33,292.59,2.1
448,soure,14,IS,1588876135,70,63.44,-20.27,281.15,9.3
449,paamiut,40,GB,1588876136,52,51.78,-1.49,295.15,3.1
450,toftir,8,ZW,1588876136,90,-20.19,32.62,286.25,1.42
451,morondava,47,AO,1588876136,66,-11.78,19.92,291.05,2.03
452,luganville,30,CN,1588876137,78,20.01,110.35,301.15,2
453,bubaque,67,AR,1588876137,32,-40.81,-63,292.68,7.31
454,karamay,100,ES,1588876138,55,39.49,-1.1,292.04,2.68
455,salinopolis,99,LK,1588876011,83,7.42,81.82,300.14,4.18
456,aljezur,71,KZ,1588876139,73,43.3,52.8,289.89,2
457,tocopilla,0,KZ,1588876139,36,47.8,67.71,289.49,8.35
458,sinnamary,33,PE,1588876140,64,-10.07,-78.15,297.42,4.5
459,mayya,41,SB,1588876140,78,-8.14,159.59,299.94,0.47
460,soligalich,49,PE,1588876140,54,-6.54,-80.01,301.15,8.7
461,manggar,1,US,1588876141,33,34.42,-119.7,303.71,2.1
462,kampot,73,VN,1588876141,74,14.35,108,297.86,0.81
463,itarema,76,CD,1588876141,78,-5.25,14.87,296.96,1.42
464,roma,100,ID,1588876047,85,-3.8,102.27,299.06,1.99
465,dingzhou,100,RU,1588876142,88,54.72,135.31,274.51,5.46
466,yuzhno-yeniseyskiy,0,ML,1588876142,8,18.44,1.41,310.15,5.34
467,bowen,20,US,1588875848,47,45.52,-122.68,290.93,1.5
468,howard springs,1,PH,1588876143,80,5.26,120.08,300.14,1.19
469,key largo,40,IE,1588876143,72,55.25,-7.27,291.15,3.6
470,vilhena,58,WS,1588876144,77,-13.87,-171.6,301.98,8.19
471,najran,84,HU,1588876144,73,46.28,21.02,289.26,4.1
472,coquimbo,20,IN,1588876144,62,34.17,77.58,276.33,2.32
473,bohdan,0,SA,1588876144,18,29.97,40.21,299.15,3.23
474,winsum,75,AR,1588876145,93,-41.15,-71.31,285.37,1.5
475,jieshi,99,ES,1588876145,88,43.21,-8.69,288.71,1.34
476,chino valley,1,AX,1588876145,52,60.1,19.93,281.15,2.1
477,kawana waters,1,GL,1588876145,69,66.94,-53.67,276.72,4.4
478,udachnyy,60,MG,1588876146,91,-14.55,48.73,290.9,0.8
479,airai,100,CG,1588876146,82,1.65,14.58,298.16,0.35
480,bac lieu,91,SS,1588876146,94,4.92,29.47,294.15,0.46
481,buchanan,1,US,1588876146,32,33.19,-82.53,292.15,4.1
482,ishigaki,20,US,1588875938,46,57.05,-135.33,285.15,7.2
483,mount gambier,35,BF,1588876033,22,11.1,-2.1,309.58,1.94
484,kjollefjord,20,TN,1588876147,82,37.19,10.18,292.15,3.6
485,bonnyville,100,RU,1588876104,94,65.85,44.24,274.78,1.76
486,nanortalik,89,RU,1588876148,80,53.75,127.27,276.01,2.05
487,vila,96,FR,1588876148,49,46.42,3.91,294.15,3.1
488,bilibino,40,AU,1588876148,93,-21.15,149.2,291.48,2.1
489,yenagoa,0,IN,1588876149,88,21.64,69.61,300.41,3.62
490,kemijarvi,40,MX,1588876149,74,19.22,-104.7,301.15,3.35
491,cienfuegos,27,GH,1588876011,81,4.88,-1.76,301.49,4.57
492,wanning,40,MY,1588876150,94,6.33,99.84,300.93,0.5
493,marshall,98,BR,1588876150,53,-2.87,-67.8,305.5,1.84
494,vestmannaeyjar,57,RU,1588876212,78,62.89,54.96,286.22,5.08
495,witney,0,TT,1588876212,65,10.18,-61.68,304.82,7.1
496,chipinge,55,VE,1588876212,34,9.35,-65.32,310.89,4.3
497,luena,8,JP,1588875988,84,24.8,125.28,296.97,6.91
498,qiongshan,40,BR,1588876213,79,-12.7,-38.32,302.15,3.6
499,viedma,20,PH,1588876214,83,18.17,120.6,299.15,1
500,requena,40,GE,1588876214,87,41.63,42.39,290.15,2.1
501,kalmunai,0,AR,1588876214,40,-26.62,-54.13,289.78,2.06
502,zhanaozen,1,ID,1588876215,82,-0.91,122.88,298.75,0.5
503,zhezkazgan,0,BW,1588876215,23,-26.02,22.4,292.69,2.58
504,huarmey,20,BR,1588876215,74,-7.26,-34.91,302.15,6.2
505,buala,75,BG,1588876216,87,43.95,27.28,283.15,2.1
506,dinsor,97,RU,1588876168,56,61.36,63.58,290.29,3.88
507,morrope,0,CL,1588876216,16,-31.63,-71.17,301.82,3.44
508,santa barbara,40,BR,1588876217,55,-29.68,-53.81,290.15,2.6
509,kon tum,0,PL,1588876217,100,54.04,19.03,284.82,1.68
510,mbanza-ngungu,90,US,1588876217,71,41.28,-70.1,284.15,6.2
511,bengkulu,40,US,1588876218,42,36.29,-76.25,291.48,5.7
512,chumikan,100,RU,1588876218,99,69.3,139.9,267.36,1.86
513,kidal,62,AR,1588876200,56,-45.87,-67.5,295.15,1
514,portland,78,BR,1588876219,67,-9.17,-60.63,302.4,1.75
515,languyan,50,UA,1588876219,91,52.04,33.95,279.47,2.87
516,carndonagh,100,RU,1588875956,72,66,111.5,263.15,4
517,wulanhaote,7,NZ,1588875932,81,-43.53,172.63,287.59,1.5
518,lufilufi,55,ES,1588876220,66,42.78,-9.06,293.71,8.49
519,battonya,1,US,1588876190,13,39.47,-118.78,290.93,3.24
520,leh,64,PH,1588876220,76,6.37,126.17,301.77,2.82
521,sakakah,90,RU,1588876221,89,63.44,53.58,286.56,5.01
522,san carlos de bariloche,0,BW,1588876221,27,-19.67,22.27,292.33,3.72
523,carballo,0,PH,1588876221,84,8,124.29,299.26,1.34
524,maarianhamina,30,NZ,1588876222,89,-40.35,175.62,286.48,3.34
525,sisimiut,40,CV,1588876222,57,16.89,-24.98,299.15,13.9
526,bealanana,0,CN,1588876045,30,42.8,93.45,286.58,4.19
527,sembe,40,US,1588876153,65,21.44,-157.84,299.15,5.1
528,maridi,78,GL,1588876223,77,60.72,-46.03,278.22,2.4
529,avera,0,MR,1588876223,57,18.09,-15.98,299.15,11.3
530,sitka,100,CL,1588876223,77,-41.87,-73.82,288.71,3.6
531,leo,100,BR,1588876225,75,-8.9,-35.15,300.97,3.64
532,rafraf,100,UA,1588876225,87,48.5,30.94,281.63,6.84
533,mezen,37,NG,1588876226,18,11.85,13.16,306.29,3.82
534,zeya,7,AU,1588876226,93,-35.35,149.23,284.15,3.6
535,saint-francois,20,PH,1588876227,74,14.11,121.14,303.15,3.1
536,mackay,0,OM,1588876227,39,22.57,59.53,306.51,2.01
537,porbandar,100,LY,1588876228,86,32.77,22.64,292.18,9.82
538,san patricio,0,RU,1588876228,86,51.71,143.23,274.98,1.38
539,takoradi,8,IN,1588875948,46,33.32,75.77,284.86,2.64
540,kuah,68,BG,1588876229,66,44.05,26.62,288.71,4.94
541,tonantins,12,FO,1588876229,75,62.16,-7.17,281.15,5.1
542,kizema,75,AU,1588876219,83,-16.92,145.77,295.15,5.1
543,voyvozh,20,US,1588876155,40,64.86,-147.8,288.15,1.5
544,point fortin,0,PH,1588876232,82,7.71,122.14,299.95,1.46
545,zaraza,67,RU,1588876213,85,65.53,72.52,278.68,4.69
546,hirara,98,SB,1588876232,77,-8.1,156.84,300.86,2.26
547,camacari,75,US,1588876123,27,37.34,-121.89,300.93,1.5
548,san nicolas,60,BR,1588876234,83,-2.5,-66.27,302.51,1.58
549,dioknisi,1,US,1588876225,34,36.68,-101.48,299.15,5.1
550,san vicente,100,RU,1588876196,99,67.68,53.15,277.12,3
551,biak,40,ID,1588876235,100,3.57,98.96,298.15,1.5
552,tsabong,40,MX,1588876235,40,18.57,-98.45,297.04,2.53
553,conde,99,JP,1588876232,80,33.73,135.98,285.23,2.31
554,alfatar,34,CF,1588876236,72,7.24,16.44,297.27,1.81
555,sovetskiy,75,RU,1588876236,86,64.75,177.48,271.15,1
556,illapel,1,US,1588876236,44,29.6,-90.72,298.15,4.1
557,santa maria,0,AU,1588876206,25,-23.7,133.88,285.15,2.1
558,marienburg,100,RU,1588876237,91,65.97,78.37,274.39,6.97
559,nantucket,75,CU,1588876237,52,20.96,-76.95,305.15,4.1
560,elizabeth city,100,RU,1588876238,93,58.84,125.49,273.92,6.63
561,deputatskiy,0,SE,1588876238,71,56.67,12.86,284.82,3.1
562,comodoro rivadavia,90,NO,1588876239,86,67.1,15.39,275.37,4.1
563,aripuana,100,ID,1588876239,84,-8.47,140.33,298.53,5.78
564,druzhba,44,SB,1588876239,83,-10.45,161.92,299.03,2.63
565,aykhal,,,,,,,,
566,christchurch,,,,,,,,
567,muros,,,,,,,,
568,fallon,,,,,,,,
569,pundaguitan,,,,,,,,
570,yarega,,,,,,,,
571,nokaneng,,,,,,,,
572,marawi,,,,,,,,
573,palmerston north,,,,,,,,
574,mindelo,,,,,,,,
575,hami,,,,,,,,
576,ahuimanu,,,,,,,,
577,qaqortoq,,,,,,,,
578,nouakchott,,,,,,,,
579,ancud,,,,,,,,
580,barbar,,,,,,,,
581,sao jose da coroa grande,,,,,,,,
582,tyshkivka,,,,,,,,
583,maiduguri,,,,,,,,
584,queanbeyan,,,,,,,,
585,santo tomas,,,,,,,,
586,sur,,,,,,,,
587,darnah,,,,,,,,
588,saleaula,,,,,,,,
589,katangli,,,,,,,,
590,kishtwar,,,,,,,,
591,tutrakan,,,,,,,,
592,vestmanna,,,,,,,,
593,tumannyy,,,,,,,,
594,cairns,,,,,,,,
595,hihifo,,,,,,,,
596,college,,,,,,,,
597,siocon,,,,,,,,
598,nadym,,,,,,,,
599,gizo,,,,,,,,
600,san jose,,,,,,,,
601,fonte boa,,,,,,,,
602,guymon,,,,,,,,
603,iskateley,,,,,,,,
604,perbaungan,,,,,,,,
605,raboso,,,,,,,,
606,shingu,,,,,,,,
607,paoua,,,,,,,,
608,anadyr,,,,,,,,
609,houma,,,,,,,,
610,alice springs,,,,,,,,
611,urengoy,,,,,,,,
612,las tunas,,,,,,,,
613,nizhniy kuranakh,,,,,,,,
614,halmstad,,,,,,,,
615,rognan,,,,,,,,
616,merauke,,,,,,,,
617,kirakira,,,,,,,,
